device_id,date,time,temperature,RH,PM2.5,lat,lon
B827EBCDA199,2023-05-20,00:04:28,31.07,65.25,3.0,0.0,0.0
B827EB5C665E,2023-05-20,00:04:30,32.21,62.29,5.0,0.0,0.0
B827EBCDA199,2023-05-20,00:09:29,31.08,65.23,3.0,0.0,0.0
B827EB5C665E,2023-05-20,00:09:30,32.25,62.27,5.0,0.0,0.0
B827EB8E7DC3,2023-05-20,00:09:30,31.92,63.67,0.0,0.0,0.0
B827EBCDA199,2023-05-20,00:14:30,31.09,65.36,3.0,0.0,0.0
B827EB5C665E,2023-05-20,00:14:31,32.31,62.18,6.0,0.0,0.0
B827EB8E7DC3,2023-05-20,00:14:31,32.01,63.55,0.0,0.0,0.0
B827EBCDA199,2023-05-20,00:19:30,31.12,65.25,2.0,0.0,0.0
B827EB5C665E,2023-05-20,00:19:32,32.32,62.08,5.0,0.0,0.0
B827EBCDA199,2023-05-20,00:24:31,31.12,65.13,2.0,0.0,0.0
B827EB5C665E,2023-05-20,00:24:32,32.35,62.05,6.0,0.0,0.0
B827EBCDA199,2023-05-20,00:29:32,31.15,65.18,2.0,0.0,0.0
B827EB5C665E,2023-05-20,00:29:33,32.36,62.04,4.0,0.0,0.0
B827EBCDA199,2023-05-20,00:34:32,31.14,65.26,1.0,0.0,0.0
B827EB5C665E,2023-05-20,00:34:34,32.41,62.09,5.0,0.0,0.0
B827EB8E7DC3,2023-05-20,00:34:34,32.42,63.34,0.0,0.0,0.0
B827EBCDA199,2023-05-20,00:39:33,31.15,65.18,2.0,0.0,0.0
B827EB5C665E,2023-05-20,00:39:35,32.43,61.99,4.0,0.0,0.0
B827EBCDA199,2023-05-20,00:44:34,31.18,65.27,4.0,0.0,0.0
B827EB5C665E,2023-05-20,00:44:35,32.48,61.95,6.0,0.0,0.0
B827EB8E7DC3,2023-05-20,00:44:35,32.63,63.1,0.0,0.0,0.0
B827EBCDA199,2023-05-20,00:49:35,31.17,65.27,3.0,0.0,0.0
B827EB8E7DC3,2023-05-20,00:49:36,32.74,63.03,0.0,0.0,0.0
B827EB5C665E,2023-05-20,00:49:37,32.48,61.98,6.0,0.0,0.0
B827EBCDA199,2023-05-20,00:54:35,31.21,65.39,2.0,0.0,0.0
B827EB5C665E,2023-05-20,00:54:37,32.49,61.97,6.0,0.0,0.0
B827EB8E7DC3,2023-05-20,00:54:37,32.84,62.79,0.0,0.0,0.0
B827EBCDA199,2023-05-20,00:59:36,31.21,65.49,3.0,0.0,0.0
B827EB5C665E,2023-05-20,00:59:38,32.56,62.08,6.0,0.0,0.0
B827EB8E7DC3,2023-05-20,00:59:38,32.94,62.74,0.0,0.0,0.0
B827EBCDA199,2023-05-20,01:04:37,31.21,65.54,3.0,0.0,0.0
B827EB8E7DC3,2023-05-20,01:04:38,33.06,62.6,0.0,0.0,0.0
B827EB5C665E,2023-05-20,01:04:39,32.56,61.97,6.0,0.0,0.0
B827EBCDA199,2023-05-20,01:09:38,31.24,65.47,3.0,0.0,0.0
B827EB5C665E,2023-05-20,01:09:39,32.59,61.9,4.0,0.0,0.0
B827EB8E7DC3,2023-05-20,01:09:39,33.16,62.45,0.0,0.0,0.0
B827EBCDA199,2023-05-20,01:14:38,31.22,65.52,4.0,0.0,0.0
B827EB5C665E,2023-05-20,01:14:40,32.6,62.04,6.0,0.0,0.0
B827EB8E7DC3,2023-05-20,01:14:40,33.25,62.34,0.0,0.0,0.0
B827EBCDA199,2023-05-20,01:19:39,31.25,65.5,3.0,0.0,0.0
B827EB8E7DC3,2023-05-20,01:19:40,33.38,62.19,0.0,0.0,0.0
B827EB5C665E,2023-05-20,01:19:41,0.0,0.0,0.0,0.0,0.0
B827EBCDA199,2023-05-20,01:24:40,31.28,65.48,3.0,0.0,0.0
B827EB5C665E,2023-05-20,01:24:41,32.67,62.15,9.0,0.0,0.0
B827EB8E7DC3,2023-05-20,01:24:41,33.48,62.13,0.0,0.0,0.0
B827EBCDA199,2023-05-20,01:29:41,31.31,65.36,4.0,0.0,0.0
B827EB5C665E,2023-05-20,01:29:42,32.69,62.01,6.0,0.0,0.0
B827EB8E7DC3,2023-05-20,01:29:42,33.59,62.07,0.0,0.0,0.0
B827EBCDA199,2023-05-20,01:34:41,31.29,65.48,5.0,0.0,0.0
B827EB8E7DC3,2023-05-20,01:34:42,33.68,61.88,0.0,0.0,0.0
B827EB5C665E,2023-05-20,01:34:43,32.71,62.14,7.0,0.0,0.0
B827EBCDA199,2023-05-20,01:39:42,31.33,65.32,5.0,0.0,0.0
B827EB5C665E,2023-05-20,01:39:43,32.77,62.16,10.0,0.0,0.0
B827EB8E7DC3,2023-05-20,01:39:43,33.8,61.76,0.0,0.0,0.0
B827EBCDA199,2023-05-20,01:44:43,31.36,65.42,5.0,0.0,0.0
B827EB5C665E,2023-05-20,01:44:44,32.81,62.21,10.0,0.0,0.0
B827EB8E7DC3,2023-05-20,01:44:44,33.93,61.63,0.0,0.0,0.0
B827EBCDA199,2023-05-20,01:49:43,31.41,65.26,7.0,0.0,0.0
B827EB8E7DC3,2023-05-20,01:49:44,34.04,61.55,0.0,0.0,0.0
B827EB5C665E,2023-05-20,01:49:45,32.84,62.03,7.0,0.0,0.0
B827EBCDA199,2023-05-20,01:54:44,31.39,65.35,5.0,0.0,0.0
B827EB8E7DC3,2023-05-20,01:54:45,34.16,61.46,0.0,0.0,0.0
B827EB5C665E,2023-05-20,01:54:46,32.88,62.06,8.0,0.0,0.0
B827EB8E7DC3,2023-05-20,01:59:45,34.24,61.25,0.0,0.0,0.0
B827EBCDA199,2023-05-20,01:59:45,31.43,65.45,4.0,0.0,0.0
B827EB5C665E,2023-05-20,01:59:46,32.91,61.88,7.0,0.0,0.0
B827EB8E7DC3,2023-05-20,02:04:46,34.37,61.13,0.0,0.0,0.0
B827EBCDA199,2023-05-20,02:04:46,31.45,65.62,5.0,0.0,0.0
B827EB5C665E,2023-05-20,02:04:47,32.94,61.88,10.0,0.0,0.0
B827EBCDA199,2023-05-20,02:09:46,31.45,65.83,5.0,0.0,0.0
B827EB8E7DC3,2023-05-20,02:09:47,34.44,60.88,0.0,0.0,0.0
B827EB5C665E,2023-05-20,02:09:48,32.94,62.08,8.0,0.0,0.0
B827EB8E7DC3,2023-05-20,02:14:47,34.55,60.84,0.0,0.0,0.0
B827EBCDA199,2023-05-20,02:14:47,31.45,65.91,6.0,0.0,0.0
B827EB5C665E,2023-05-20,02:14:48,32.97,62.17,10.0,0.0,0.0
B827EB8E7DC3,2023-05-20,02:19:48,34.62,60.65,0.0,0.0,0.0
B827EBCDA199,2023-05-20,02:19:48,31.45,65.86,6.0,0.0,0.0
B827EB5C665E,2023-05-20,02:19:51,33.03,61.96,10.0,0.0,0.0
B827EBCDA199,2023-05-20,02:24:48,31.48,65.99,6.0,0.0,0.0
B827EB8E7DC3,2023-05-20,02:24:49,34.72,60.25,0.0,0.0,0.0
B827EB5C665E,2023-05-20,02:24:51,33.05,61.78,9.0,0.0,0.0
B827EB8E7DC3,2023-05-20,02:29:49,34.82,60.08,0.0,0.0,0.0
B827EB5C665E,2023-05-20,02:29:52,33.08,61.76,10.0,0.0,0.0
B827EBCDA199,2023-05-20,02:34:52,31.51,65.82,6.0,0.0,0.0
B827EB5C665E,2023-05-20,02:34:53,33.13,61.79,10.0,0.0,0.0
B827EB8E7DC3,2023-05-20,02:39:52,34.99,59.76,0.0,0.0,0.0
B827EB5C665E,2023-05-20,02:39:54,33.13,61.62,10.0,0.0,0.0
B827EBCDA199,2023-05-20,02:44:53,31.49,65.71,6.0,0.0,0.0
B827EB5C665E,2023-05-20,02:44:54,33.18,61.52,11.0,0.0,0.0
B827EB8E7DC3,2023-05-20,02:49:54,35.16,59.39,0.0,0.0,0.0
B827EB5C665E,2023-05-20,02:49:55,33.2,61.56,13.0,0.0,0.0
B827EBCDA199,2023-05-20,02:54:54,31.55,65.83,7.0,0.0,0.0
B827EB5C665E,2023-05-20,02:54:56,33.21,61.48,10.0,0.0,0.0
B827EB8E7DC3,2023-05-20,02:59:55,35.32,58.98,0.0,0.0,0.0
B827EB8E7DC3,2023-05-20,03:04:56,35.39,58.64,0.0,0.0,0.0
B827EBCDA199,2023-05-20,03:04:56,31.55,65.92,6.0,0.0,0.0
B827EB5C665E,2023-05-20,03:04:57,33.2,61.49,11.0,0.0,0.0
B827EB8E7DC3,2023-05-20,03:09:57,35.41,58.55,0.0,0.0,0.0
B827EBCDA199,2023-05-20,03:09:57,31.51,65.81,6.0,0.0,0.0
B827EB5C665E,2023-05-20,03:09:58,33.24,61.37,13.0,0.0,0.0
B827EB5C665E,2023-05-20,03:14:58,33.27,61.32,11.0,0.0,0.0
B827EBCDA199,2023-05-20,03:14:58,31.52,65.95,7.0,0.0,0.0
B827EB8E7DC3,2023-05-20,03:19:58,0.0,0.0,0.0,0.0,0.0
B827EBCDA199,2023-05-20,03:19:58,31.55,65.83,7.0,0.0,0.0
B827EB5C665E,2023-05-20,03:19:59,33.25,61.43,13.0,0.0,0.0
B827EB8E7DC3,2023-05-20,03:24:59,35.47,58.35,0.0,0.0,0.0
B827EBCDA199,2023-05-20,03:24:59,31.55,65.69,7.0,0.0,0.0
B827EB5C665E,2023-05-20,03:25:00,33.28,61.14,11.0,0.0,0.0
B827EB8E7DC3,2023-05-20,03:29:59,35.51,58.19,0.0,0.0,0.0
B827EBCDA199,2023-05-20,03:30:00,31.56,65.82,9.0,0.0,0.0
B827EB5C665E,2023-05-20,03:30:01,33.32,61.18,11.0,0.0,0.0
B827EB8E7DC3,2023-05-20,03:35:00,35.54,58.08,0.0,0.0,0.0
B827EBCDA199,2023-05-20,03:35:00,31.6,65.98,8.0,0.0,0.0
B827EB5C665E,2023-05-20,03:35:02,33.33,61.39,14.0,0.0,0.0
B827EB8E7DC3,2023-05-20,03:40:01,35.63,58.02,0.0,0.0,0.0
B827EBCDA199,2023-05-20,03:40:01,31.59,65.92,9.0,0.0,0.0
B827EB5C665E,2023-05-20,03:40:02,33.35,61.31,13.0,0.0,0.0
B827EB8E7DC3,2023-05-20,03:45:02,35.68,57.93,0.0,0.0,0.0
B827EBCDA199,2023-05-20,03:45:02,31.63,65.87,9.0,0.0,0.0
B827EB5C665E,2023-05-20,03:45:03,33.36,61.2,12.0,0.0,0.0
B827EB8E7DC3,2023-05-20,03:50:02,35.71,57.74,0.0,0.0,0.0
B827EBCDA199,2023-05-20,03:50:03,31.66,65.75,10.0,0.0,0.0
B827EB5C665E,2023-05-20,03:50:04,33.42,61.17,12.0,0.0,0.0
B827EBCDA199,2023-05-20,03:55:03,31.69,65.74,8.0,0.0,0.0
B827EB5C665E,2023-05-20,03:55:04,33.42,61.11,15.0,0.0,0.0
B827EB8E7DC3,2023-05-20,04:00:04,35.8,57.66,0.0,0.0,0.0
B827EBCDA199,2023-05-20,04:00:04,31.69,65.73,9.0,0.0,0.0
B827EB5C665E,2023-05-20,04:00:05,33.47,60.94,12.0,0.0,0.0
B827EB8E7DC3,2023-05-20,04:05:07,35.88,57.55,0.0,0.0,0.0
B827EBCDA199,2023-05-20,04:05:07,31.73,65.59,10.0,0.0,0.0
B827EB5C665E,2023-05-20,04:05:08,33.51,60.92,13.0,0.0,0.0
B827EBCDA199,2023-05-20,04:10:07,31.75,65.56,10.0,0.0,0.0
B827EB5C665E,2023-05-20,04:10:08,33.56,60.77,14.0,0.0,0.0
B827EB8E7DC3,2023-05-20,04:10:08,36.01,57.27,0.0,0.0,0.0
B827EB5C665E,2023-05-20,04:15:09,33.55,60.75,15.0,0.0,0.0
B827EB8E7DC3,2023-05-20,04:15:09,36.06,57.03,0.0,0.0,0.0
B827EB5C665E,2023-05-20,04:20:10,33.59,60.63,16.0,0.0,0.0
B827EB8E7DC3,2023-05-20,04:20:10,36.15,56.9,0.0,0.0,0.0
B827EBCDA199,2023-05-20,04:25:10,31.8,65.7,8.0,0.0,0.0
B827EB5C665E,2023-05-20,04:25:11,33.66,60.6,15.0,0.0,0.0
B827EB8E7DC3,2023-05-20,04:30:11,36.26,56.82,0.0,0.0,0.0
B827EBCDA199,2023-05-20,04:30:11,31.8,65.66,11.0,0.0,0.0
B827EB5C665E,2023-05-20,04:30:12,33.68,60.6,17.0,0.0,0.0
B827EB5C665E,2023-05-20,04:35:13,33.69,60.73,14.0,0.0,0.0
B827EBCDA199,2023-05-20,04:35:13,31.84,65.82,10.0,0.0,0.0
B827EB8E7DC3,2023-05-20,04:40:13,36.39,56.48,0.0,0.0,0.0
B827EBCDA199,2023-05-20,04:40:13,31.86,65.61,8.0,0.0,0.0
B827EB5C665E,2023-05-20,04:40:14,33.7,60.67,13.0,0.0,0.0
B827EB8E7DC3,2023-05-20,04:45:14,36.46,56.45,0.0,0.0,0.0
B827EB5C665E,2023-05-20,04:45:15,33.73,60.73,15.0,0.0,0.0
B827EB8E7DC3,2023-05-20,04:50:15,36.51,56.36,0.0,0.0,0.0
B827EB5C665E,2023-05-20,04:50:16,33.76,60.87,16.0,0.0,0.0
B827EBCDA199,2023-05-20,04:50:16,31.9,65.79,11.0,0.0,0.0
B827EB8E7DC3,2023-05-20,04:55:16,36.57,56.28,0.0,0.0,0.0
B827EB5C665E,2023-05-20,04:55:17,33.8,60.85,14.0,0.0,0.0
B827EBCDA199,2023-05-20,04:55:17,31.94,65.87,11.0,0.0,0.0
B827EB8E7DC3,2023-05-20,05:00:16,36.66,56.23,0.0,0.0,0.0
B827EB5C665E,2023-05-20,05:00:17,33.85,61.01,15.0,0.0,0.0
B827EB8E7DC3,2023-05-20,05:05:22,36.72,56.11,0.0,0.0,0.0
B827EB5C665E,2023-05-20,05:05:23,33.83,60.98,13.0,0.0,0.0
B827EBCDA199,2023-05-20,05:05:23,31.97,66.0,10.0,0.0,0.0
B827EB8E7DC3,2023-05-20,05:10:23,36.76,56.07,0.0,0.0,0.0
B827EB5C665E,2023-05-20,05:10:24,33.83,60.77,13.0,0.0,0.0
B827EBCDA199,2023-05-20,05:10:24,31.97,65.9,8.0,0.0,0.0
B827EB5C665E,2023-05-20,05:15:24,33.86,60.85,15.0,0.0,0.0
B827EB8E7DC3,2023-05-20,05:15:24,36.81,55.95,0.0,0.0,0.0
B827EBCDA199,2023-05-20,05:15:25,32.0,65.85,8.0,0.0,0.0
B827EB8E7DC3,2023-05-20,05:20:24,36.84,55.84,0.0,0.0,0.0
B827EB5C665E,2023-05-20,05:20:25,33.89,60.9,14.0,0.0,0.0
B827EB8E7DC3,2023-05-20,05:25:25,36.87,55.76,0.0,0.0,0.0
B827EB5C665E,2023-05-20,05:25:26,33.92,60.77,13.0,0.0,0.0
B827EBCDA199,2023-05-20,05:25:26,32.03,65.81,9.0,0.0,0.0
B827EB5C665E,2023-05-20,05:30:26,33.96,60.59,15.0,0.0,0.0
B827EB8E7DC3,2023-05-20,05:30:26,36.95,55.62,0.0,0.0,0.0
B827EBCDA199,2023-05-20,05:30:27,32.03,65.88,10.0,0.0,0.0
B827EB5C665E,2023-05-20,05:35:27,33.99,60.6,12.0,0.0,0.0
B827EB8E7DC3,2023-05-20,05:35:27,36.98,55.53,0.0,0.0,0.0
B827EBCDA199,2023-05-20,05:35:27,32.03,65.9,8.0,0.0,0.0
B827EB8E7DC3,2023-05-20,05:40:27,37.02,55.46,0.0,0.0,0.0
B827EB5C665E,2023-05-20,05:40:28,33.96,60.76,12.0,0.0,0.0
B827EBCDA199,2023-05-20,05:40:28,32.03,65.95,10.0,0.0,0.0
B827EB5C665E,2023-05-20,05:45:28,33.9,60.94,13.0,0.0,0.0
B827EB8E7DC3,2023-05-20,05:45:28,37.02,55.4,0.0,0.0,0.0
B827EBCDA199,2023-05-20,05:45:29,32.06,66.16,10.0,0.0,0.0
B827EB5C665E,2023-05-20,05:50:29,33.87,61.01,10.0,0.0,0.0
B827EB8E7DC3,2023-05-20,05:50:29,37.05,55.21,0.0,0.0,0.0
B827EBCDA199,2023-05-20,05:50:30,32.02,66.09,8.0,0.0,0.0
B827EB8E7DC3,2023-05-20,05:55:29,37.04,55.1,0.0,0.0,0.0
B827EB5C665E,2023-05-20,05:55:30,33.86,61.24,13.0,0.0,0.0
B827EBCDA199,2023-05-20,05:55:30,32.0,66.11,8.0,0.0,0.0
B827EB5C665E,2023-05-20,06:00:30,33.9,61.04,11.0,0.0,0.0
B827EBCDA199,2023-05-20,06:00:31,32.0,66.07,10.0,0.0,0.0
B827EB8E7DC3,2023-05-20,06:05:33,37.02,54.89,0.0,0.0,0.0
B827EBCDA199,2023-05-20,06:05:33,32.03,66.03,9.0,0.0,0.0
B827EB5C665E,2023-05-20,06:10:33,33.94,60.89,11.0,0.0,0.0
B827EBCDA199,2023-05-20,06:10:34,32.03,66.11,8.0,0.0,0.0
B827EB5C665E,2023-05-20,06:15:34,33.93,60.93,12.0,0.0,0.0
B827EB8E7DC3,2023-05-20,06:15:34,37.0,54.85,0.0,0.0,0.0
B827EBCDA199,2023-05-20,06:15:35,32.04,66.16,7.0,0.0,0.0
B827EB5C665E,2023-05-20,06:20:35,33.99,60.87,12.0,0.0,0.0
B827EB8E7DC3,2023-05-20,06:20:35,36.97,54.76,0.0,0.0,0.0
B827EBCDA199,2023-05-20,06:20:35,32.06,66.05,9.0,0.0,0.0
B827EB5C665E,2023-05-20,06:25:35,33.97,60.93,12.0,0.0,0.0
B827EBCDA199,2023-05-20,06:25:36,32.04,66.09,9.0,0.0,0.0
B827EB5C665E,2023-05-20,06:30:36,34.03,60.84,10.0,0.0,0.0
B827EB8E7DC3,2023-05-20,06:30:36,36.98,54.88,0.0,0.0,0.0
B827EBCDA199,2023-05-20,06:30:36,32.06,66.36,7.0,0.0,0.0
B827EB5C665E,2023-05-20,06:35:37,34.08,60.73,14.0,0.0,0.0
B827EB8E7DC3,2023-05-20,06:35:37,36.97,54.68,0.0,0.0,0.0
B827EBCDA199,2023-05-20,06:35:37,32.07,66.12,7.0,0.0,0.0
B827EB8E7DC3,2023-05-20,06:40:37,36.94,54.77,0.0,0.0,0.0
B827EB5C665E,2023-05-20,06:40:38,34.07,60.81,11.0,0.0,0.0
B827EBCDA199,2023-05-20,06:40:38,32.1,66.14,9.0,0.0,0.0
B827EB5C665E,2023-05-20,06:45:38,34.06,60.99,10.0,0.0,0.0
B827EB8E7DC3,2023-05-20,06:45:38,36.98,54.73,0.0,0.0,0.0
B827EBCDA199,2023-05-20,06:45:38,32.16,66.33,7.0,0.0,0.0
B827EB5C665E,2023-05-20,06:50:39,34.07,60.9,11.0,0.0,0.0
B827EB8E7DC3,2023-05-20,06:50:39,36.98,54.76,0.0,0.0,0.0
B827EB8E7DC3,2023-05-20,06:55:39,37.02,54.68,0.0,0.0,0.0
B827EBCDA199,2023-05-20,06:55:40,32.16,66.15,6.0,0.0,0.0
B827EB5C665E,2023-05-20,07:00:40,34.04,60.95,8.0,0.0,0.0
B827EB8E7DC3,2023-05-20,07:00:40,37.02,54.71,0.0,0.0,0.0
B827EB5C665E,2023-05-20,07:05:41,34.1,60.81,12.0,0.0,0.0
B827EB8E7DC3,2023-05-20,07:05:41,37.04,54.78,0.0,0.0,0.0
B827EB8E7DC3,2023-05-20,07:10:41,37.05,54.84,0.0,0.0,0.0
B827EBCDA199,2023-05-20,07:10:42,32.2,65.92,6.0,0.0,0.0
B827EB8E7DC3,2023-05-20,07:15:42,37.08,54.77,0.0,0.0,0.0
B827EB5C665E,2023-05-20,07:20:43,34.06,60.85,10.0,0.0,0.0
B827EB8E7DC3,2023-05-20,07:20:43,37.04,54.71,0.0,0.0,0.0
B827EB5C665E,2023-05-20,07:25:45,34.06,60.8,12.0,0.0,0.0
B827EB8E7DC3,2023-05-20,07:25:45,37.08,54.72,0.0,0.0,0.0
B827EB8E7DC3,2023-05-20,07:30:45,37.08,54.9,0.0,0.0,0.0
B827EB5C665E,2023-05-20,07:30:46,34.04,60.86,11.0,0.0,0.0
B827EB8E7DC3,2023-05-20,07:35:46,37.07,54.85,0.0,0.0,0.0
B827EB5C665E,2023-05-20,07:35:47,34.03,60.95,11.0,0.0,0.0
B827EBCDA199,2023-05-20,07:35:47,32.21,65.95,6.0,0.0,0.0
B827EB5C665E,2023-05-20,07:40:47,34.06,60.97,10.0,0.0,0.0
B827EB8E7DC3,2023-05-20,07:40:47,37.08,54.87,0.0,0.0,0.0
B827EBCDA199,2023-05-20,07:40:48,32.21,65.95,7.0,0.0,0.0
B827EB5C665E,2023-05-20,07:45:48,34.07,60.85,14.0,0.0,0.0
B827EB8E7DC3,2023-05-20,07:45:48,37.08,54.8,0.0,0.0,0.0
B827EBCDA199,2023-05-20,07:45:48,32.19,65.93,8.0,0.0,0.0
B827EB5C665E,2023-05-20,07:50:49,34.07,60.92,10.0,0.0,0.0
B827EBCDA199,2023-05-20,07:50:49,32.23,65.9,7.0,0.0,0.0
B827EB8E7DC3,2023-05-20,07:55:53,37.07,54.89,0.0,0.0,0.0
B827EBCDA199,2023-05-20,07:55:53,32.23,65.9,7.0,0.0,0.0
B827EB5C665E,2023-05-20,08:00:53,34.06,60.9,10.0,0.0,0.0
B827EB5C665E,2023-05-20,08:05:54,34.0,60.98,8.0,0.0,0.0
B827EBCDA199,2023-05-20,08:05:55,32.21,65.87,4.0,0.0,0.0
B827EB5C665E,2023-05-20,08:10:55,34.02,60.98,8.0,0.0,0.0
B827EBCDA199,2023-05-20,08:10:56,0.0,0.0,0.0,0.0,0.0
B827EB5C665E,2023-05-20,08:15:55,34.0,60.94,11.0,0.0,0.0
B827EBCDA199,2023-05-20,08:15:57,32.2,65.81,7.0,0.0,0.0
B827EB5C665E,2023-05-20,08:20:56,34.0,60.94,9.0,0.0,0.0
B827EB8E7DC3,2023-05-20,08:20:57,36.87,55.0,0.0,0.0,0.0
B827EBCDA199,2023-05-20,08:20:57,32.21,65.83,7.0,0.0,0.0
B827EB5C665E,2023-05-20,08:25:57,34.0,60.92,9.0,0.0,0.0
B827EB8E7DC3,2023-05-20,08:25:58,36.83,55.16,0.0,0.0,0.0
B827EBCDA199,2023-05-20,08:25:58,32.21,65.8,6.0,0.0,0.0
B827EB5C665E,2023-05-20,08:30:57,34.02,60.97,10.0,0.0,0.0
B827EB8E7DC3,2023-05-20,08:30:58,36.76,55.26,0.0,0.0,0.0
B827EBCDA199,2023-05-20,08:30:59,32.21,65.84,5.0,0.0,0.0
B827EB5C665E,2023-05-20,08:35:58,34.0,60.94,9.0,0.0,0.0
B827EB8E7DC3,2023-05-20,08:35:59,36.72,55.34,0.0,0.0,0.0
B827EBCDA199,2023-05-20,08:35:59,32.23,65.8,6.0,0.0,0.0
B827EB5C665E,2023-05-20,08:40:59,33.99,61.11,12.0,0.0,0.0
B827EBCDA199,2023-05-20,08:41:00,32.23,65.88,7.0,0.0,0.0
B827EB5C665E,2023-05-20,08:45:59,33.99,61.04,9.0,0.0,0.0
B827EBCDA199,2023-05-20,08:46:01,32.2,65.86,7.0,0.0,0.0
B827EB5C665E,2023-05-20,08:51:00,33.97,61.1,9.0,0.0,0.0
B827EBCDA199,2023-05-20,08:51:02,32.23,65.9,6.0,0.0,0.0
B827EB5C665E,2023-05-20,08:56:03,33.94,61.21,11.0,0.0,0.0
B827EBCDA199,2023-05-20,08:56:04,32.23,65.87,7.0,0.0,0.0
B827EB5C665E,2023-05-20,09:01:03,33.92,61.27,9.0,0.0,0.0
B827EBCDA199,2023-05-20,09:01:05,32.21,65.9,5.0,0.0,0.0
B827EB5C665E,2023-05-20,09:06:04,33.93,61.29,12.0,0.0,0.0
B827EBCDA199,2023-05-20,09:06:05,32.24,65.96,6.0,0.0,0.0
B827EB5C665E,2023-05-20,09:11:05,33.92,61.39,10.0,0.0,0.0
B827EB8E7DC3,2023-05-20,09:11:06,36.42,55.66,0.0,0.0,0.0
B827EBCDA199,2023-05-20,09:11:06,32.23,66.05,7.0,0.0,0.0
B827EB5C665E,2023-05-20,09:16:06,33.9,61.37,8.0,0.0,0.0
B827EB8E7DC3,2023-05-20,09:16:06,36.4,55.68,0.0,0.0,0.0
B827EBCDA199,2023-05-20,09:16:07,32.2,65.96,5.0,0.0,0.0
B827EB5C665E,2023-05-20,09:21:06,33.9,61.45,11.0,0.0,0.0
B827EBCDA199,2023-05-20,09:21:07,32.23,65.99,6.0,0.0,0.0
B827EB8E7DC3,2023-05-20,09:26:07,36.3,55.89,0.0,0.0,0.0
B827EBCDA199,2023-05-20,09:26:08,32.23,65.99,7.0,0.0,0.0
B827EB5C665E,2023-05-20,09:31:08,33.87,61.49,9.0,0.0,0.0
B827EB8E7DC3,2023-05-20,09:31:08,36.26,56.01,0.0,0.0,0.0
B827EBCDA199,2023-05-20,09:31:09,32.21,66.07,6.0,0.0,0.0
B827EBCDA199,2023-05-20,09:36:09,32.21,66.11,5.0,0.0,0.0
B827EB5C665E,2023-05-20,09:41:09,33.87,61.64,11.0,0.0,0.0
B827EBCDA199,2023-05-20,09:41:10,32.23,66.18,7.0,0.0,0.0
B827EB5C665E,2023-05-20,09:46:10,33.89,61.83,9.0,0.0,0.0
B827EB8E7DC3,2023-05-20,09:46:11,36.14,56.08,0.0,0.0,0.0
B827EBCDA199,2023-05-20,09:46:11,32.2,66.19,6.0,0.0,0.0
B827EB5C665E,2023-05-20,09:51:11,33.83,61.9,10.0,0.0,0.0
B827EB8E7DC3,2023-05-20,09:51:11,36.08,56.18,0.0,0.0,0.0
B827EBCDA199,2023-05-20,09:51:11,32.2,66.21,6.0,0.0,0.0
B827EB5C665E,2023-05-20,09:56:13,33.82,61.85,11.0,0.0,0.0
B827EB8E7DC3,2023-05-20,09:56:13,36.06,56.23,0.0,0.0,0.0
B827EBCDA199,2023-05-20,09:56:13,32.2,66.3,4.0,0.0,0.0
B827EB5C665E,2023-05-20,10:01:14,33.82,61.84,11.0,0.0,0.0
B827EB8E7DC3,2023-05-20,10:01:14,36.01,56.35,0.0,0.0,0.0
B827EBCDA199,2023-05-20,10:01:14,32.21,66.25,7.0,0.0,0.0
B827EB5C665E,2023-05-20,10:06:14,33.83,62.16,9.0,0.0,0.0
B827EBCDA199,2023-05-20,10:06:15,32.2,66.18,6.0,0.0,0.0
B827EB5C665E,2023-05-20,10:11:15,33.77,62.05,10.0,0.0,0.0
B827EB8E7DC3,2023-05-20,10:11:15,35.88,55.54,0.0,0.0,0.0
B827EBCDA199,2023-05-20,10:11:15,32.17,66.16,5.0,0.0,0.0
B827EB5C665E,2023-05-20,10:16:16,33.73,61.99,9.0,0.0,0.0
B827EBCDA199,2023-05-20,10:16:16,32.19,66.1,5.0,0.0,0.0
B827EB5C665E,2023-05-20,10:21:16,33.72,61.87,9.0,0.0,0.0
B827EBCDA199,2023-05-20,10:21:17,32.2,66.05,7.0,0.0,0.0
B827EBCDA199,2023-05-20,10:26:19,32.13,65.7,8.0,0.0,0.0
B827EB8E7DC3,2023-05-20,10:26:20,35.6,55.59,0.0,0.0,0.0
B827EB5C665E,2023-05-20,10:31:20,33.66,61.12,10.0,0.0,0.0
B827EB8E7DC3,2023-05-20,10:31:20,35.48,55.6,0.0,0.0,0.0
B827EBCDA199,2023-05-20,10:31:20,32.13,65.26,4.0,0.0,0.0
B827EBCDA199,2023-05-20,10:36:21,32.1,65.37,4.0,0.0,0.0
B827EB8E7DC3,2023-05-20,10:36:22,35.39,55.61,0.0,0.0,0.0
B827EB8E7DC3,2023-05-20,10:41:22,35.25,55.97,0.0,0.0,0.0
B827EBCDA199,2023-05-20,10:41:22,32.04,64.96,5.0,0.0,0.0
B827EBCDA199,2023-05-20,10:46:22,32.0,64.85,3.0,0.0,0.0
B827EB8E7DC3,2023-05-20,10:46:23,35.09,56.06,0.0,0.0,0.0
B827EBCDA199,2023-05-20,10:51:23,31.96,64.89,4.0,0.0,0.0
B827EB8E7DC3,2023-05-20,10:51:24,0.0,0.0,0.0,0.0,0.0
B827EB5C665E,2023-05-20,10:56:24,33.51,60.76,7.0,0.0,0.0
B827EB8E7DC3,2023-05-20,10:56:24,34.84,56.38,0.0,0.0,0.0
B827EB5C665E,2023-05-20,11:01:25,33.45,60.85,7.0,0.0,0.0
B827EB8E7DC3,2023-05-20,11:01:25,34.65,56.66,0.0,0.0,0.0
B827EB5C665E,2023-05-20,11:06:25,33.41,60.92,7.0,0.0,0.0
B827EB5C665E,2023-05-20,11:11:26,33.41,61.01,5.0,0.0,0.0
B827EB8E7DC3,2023-05-20,11:11:26,34.41,57.04,0.0,0.0,0.0
B827EB5C665E,2023-05-20,11:16:27,33.35,61.13,6.0,0.0,0.0
B827EBCDA199,2023-05-20,11:16:27,31.9,65.14,3.0,0.0,0.0
B827EBCDA199,2023-05-20,11:21:27,31.89,65.17,3.0,0.0,0.0
B827EB5C665E,2023-05-20,11:21:28,33.35,61.1,7.0,0.0,0.0
B827EB5C665E,2023-05-20,11:26:29,33.32,61.23,6.0,0.0,0.0
B827EB8E7DC3,2023-05-20,11:26:29,34.1,57.45,0.0,0.0,0.0
B827EBCDA199,2023-05-20,11:26:29,31.89,65.13,3.0,0.0,0.0
B827EBCDA199,2023-05-20,11:31:29,31.87,65.17,5.0,0.0,0.0
B827EB5C665E,2023-05-20,11:31:30,33.32,61.27,9.0,0.0,0.0
B827EB8E7DC3,2023-05-20,11:31:30,34.02,57.56,0.0,0.0,0.0
B827EBCDA199,2023-05-20,11:36:30,31.89,65.2,4.0,0.0,0.0
B827EB5C665E,2023-05-20,11:36:31,33.27,61.28,6.0,0.0,0.0
B827EB8E7DC3,2023-05-20,11:36:31,33.95,57.65,0.0,0.0,0.0
B827EB5C665E,2023-05-20,11:41:31,33.28,61.26,6.0,0.0,0.0
B827EBCDA199,2023-05-20,11:41:31,31.84,65.21,5.0,0.0,0.0
B827EB8E7DC3,2023-05-20,11:41:32,33.88,57.79,0.0,0.0,0.0
B827EB5C665E,2023-05-20,11:46:32,33.28,61.29,4.0,0.0,0.0
B827EBCDA199,2023-05-20,11:46:32,31.86,65.16,4.0,0.0,0.0
B827EB8E7DC3,2023-05-20,11:46:33,33.8,57.84,0.0,0.0,0.0
B827EB5C665E,2023-05-20,11:51:32,33.22,61.29,6.0,0.0,0.0
B827EBCDA199,2023-05-20,11:51:32,31.84,65.14,3.0,0.0,0.0
B827EB8E7DC3,2023-05-20,11:51:34,33.72,57.95,0.0,0.0,0.0
B827EB5C665E,2023-05-20,11:56:33,33.21,61.31,5.0,0.0,0.0
B827EB8E7DC3,2023-05-20,11:56:35,33.69,58.04,0.0,0.0,0.0
B827EB5C665E,2023-05-20,12:01:34,33.2,61.28,6.0,0.0,0.0
B827EBCDA199,2023-05-20,12:01:34,31.84,65.24,3.0,0.0,0.0
B827EB8E7DC3,2023-05-20,12:01:36,33.64,58.02,0.0,0.0,0.0
B827EBCDA199,2023-05-20,12:06:34,31.8,65.18,3.0,0.0,0.0
B827EB8E7DC3,2023-05-20,12:06:37,33.59,58.18,0.0,0.0,0.0
B827EB5C665E,2023-05-20,12:11:35,33.15,61.32,5.0,0.0,0.0
B827EBCDA199,2023-05-20,12:11:35,31.8,65.19,5.0,0.0,0.0
B827EB8E7DC3,2023-05-20,12:11:37,33.52,58.25,0.0,0.0,0.0
B827EBCDA199,2023-05-20,12:16:36,31.83,65.22,5.0,0.0,0.0
B827EB8E7DC3,2023-05-20,12:16:38,33.48,58.32,0.0,0.0,0.0
B827EBCDA199,2023-05-20,12:21:36,31.83,65.24,2.0,0.0,0.0
B827EB8E7DC3,2023-05-20,12:21:39,33.41,58.43,0.0,0.0,0.0
B827EB5C665E,2023-05-20,12:26:37,33.14,61.33,5.0,0.0,0.0
B827EBCDA199,2023-05-20,12:26:37,31.8,65.18,3.0,0.0,0.0
B827EB8E7DC3,2023-05-20,12:26:39,33.37,58.43,0.0,0.0,0.0
B827EB5C665E,2023-05-20,12:31:38,33.1,61.38,5.0,0.0,0.0
B827EBCDA199,2023-05-20,12:31:38,31.8,65.11,3.0,0.0,0.0
B827EB8E7DC3,2023-05-20,12:31:40,33.34,58.6,0.0,0.0,0.0
B827EBCDA199,2023-05-20,12:36:38,31.82,65.09,3.0,0.0,0.0
B827EB5C665E,2023-05-20,12:36:39,33.08,61.42,5.0,0.0,0.0
B827EB8E7DC3,2023-05-20,12:36:41,33.29,58.59,0.0,0.0,0.0
B827EB5C665E,2023-05-20,12:41:39,33.07,61.37,4.0,0.0,0.0
B827EBCDA199,2023-05-20,12:41:39,31.8,65.01,1.0,0.0,0.0
B827EB8E7DC3,2023-05-20,12:41:41,33.24,58.76,0.0,0.0,0.0
B827EB5C665E,2023-05-20,12:46:40,33.07,61.39,5.0,0.0,0.0
B827EBCDA199,2023-05-20,12:46:40,31.82,65.09,4.0,0.0,0.0
B827EB8E7DC3,2023-05-20,12:46:42,33.2,58.82,0.0,0.0,0.0
B827EBCDA199,2023-05-20,12:51:40,31.82,65.13,4.0,0.0,0.0
B827EB5C665E,2023-05-20,12:51:41,33.07,61.43,3.0,0.0,0.0
B827EB8E7DC3,2023-05-20,12:51:43,33.14,58.89,0.0,0.0,0.0
B827EBCDA199,2023-05-20,12:56:41,31.8,65.12,3.0,0.0,0.0
B827EB5C665E,2023-05-20,12:56:42,33.05,61.41,4.0,0.0,0.0
B827EB8E7DC3,2023-05-20,12:56:43,33.11,58.9,0.0,0.0,0.0
B827EB5C665E,2023-05-20,13:01:42,33.03,61.48,4.0,0.0,0.0
B827EBCDA199,2023-05-20,13:01:42,31.77,65.1,3.0,0.0,0.0
B827EB8E7DC3,2023-05-20,13:01:44,33.04,58.95,0.0,0.0,0.0
B827EB5C665E,2023-05-20,13:06:43,33.01,61.51,3.0,0.0,0.0
B827EBCDA199,2023-05-20,13:06:43,0.0,0.0,0.0,0.0,0.0
B827EB8E7DC3,2023-05-20,13:06:45,33.01,59.01,0.0,0.0,0.0
B827EBCDA199,2023-05-20,13:11:43,31.77,65.1,3.0,0.0,0.0
B827EB5C665E,2023-05-20,13:11:44,33.04,61.55,4.0,0.0,0.0
B827EB8E7DC3,2023-05-20,13:11:45,32.99,59.15,0.0,0.0,0.0
B827EBCDA199,2023-05-20,13:16:44,31.79,65.08,2.0,0.0,0.0
B827EB5C665E,2023-05-20,13:16:45,32.98,61.54,3.0,0.0,0.0
B827EB8E7DC3,2023-05-20,13:16:46,32.97,59.23,0.0,0.0,0.0
B827EB5C665E,2023-05-20,13:21:45,32.97,61.55,3.0,0.0,0.0
B827EBCDA199,2023-05-20,13:21:45,31.77,65.09,2.0,0.0,0.0
B827EB8E7DC3,2023-05-20,13:21:47,32.93,59.1,0.0,0.0,0.0
B827EBCDA199,2023-05-20,13:26:45,31.77,65.09,0.0,0.0,0.0
B827EB5C665E,2023-05-20,13:26:46,32.96,61.59,3.0,0.0,0.0
B827EB8E7DC3,2023-05-20,13:26:47,32.93,59.28,0.0,0.0,0.0
B827EBCDA199,2023-05-20,13:31:46,31.76,65.15,3.0,0.0,0.0
B827EB5C665E,2023-05-20,13:31:47,32.94,61.63,4.0,0.0,0.0
B827EB8E7DC3,2023-05-20,13:31:48,32.86,59.3,0.0,0.0,0.0
B827EB5C665E,2023-05-20,13:36:47,32.93,61.65,4.0,0.0,0.0
B827EBCDA199,2023-05-20,13:36:47,31.77,65.12,2.0,0.0,0.0
B827EB8E7DC3,2023-05-20,13:36:49,32.84,59.33,0.0,0.0,0.0
B827EBCDA199,2023-05-20,13:41:47,31.75,65.08,1.0,0.0,0.0
B827EB5C665E,2023-05-20,13:41:48,32.93,61.66,2.0,0.0,0.0
B827EB8E7DC3,2023-05-20,13:41:49,32.8,59.43,0.0,0.0,0.0
B827EBCDA199,2023-05-20,13:46:48,31.75,65.11,2.0,0.0,0.0
B827EB5C665E,2023-05-20,13:46:49,32.9,61.68,3.0,0.0,0.0
B827EB5C665E,2023-05-20,13:51:49,32.9,61.68,3.0,0.0,0.0
B827EBCDA199,2023-05-20,13:51:49,31.76,65.11,2.0,0.0,0.0
B827EBCDA199,2023-05-20,13:56:49,31.75,65.11,2.0,0.0,0.0
B827EB5C665E,2023-05-20,13:56:50,32.87,61.74,4.0,0.0,0.0
B827EBCDA199,2023-05-20,14:01:51,31.72,65.12,2.0,0.0,0.0
B827EB5C665E,2023-05-20,14:01:52,32.87,61.73,3.0,0.0,0.0
B827EB8E7DC3,2023-05-20,14:01:54,32.69,59.76,0.0,0.0,0.0
B827EB5C665E,2023-05-20,14:06:52,32.83,61.83,4.0,0.0,0.0
B827EBCDA199,2023-05-20,14:06:52,31.73,65.08,2.0,0.0,0.0
B827EB8E7DC3,2023-05-20,14:06:55,32.67,59.71,0.0,0.0,0.0
B827EBCDA199,2023-05-20,14:11:52,31.7,65.15,2.0,0.0,0.0
B827EB5C665E,2023-05-20,14:11:53,32.79,61.8,3.0,0.0,0.0
B827EB8E7DC3,2023-05-20,14:11:55,32.65,59.79,0.0,0.0,0.0
B827EBCDA199,2023-05-20,14:16:53,31.73,65.11,2.0,0.0,0.0
B827EB5C665E,2023-05-20,14:16:54,32.81,61.86,2.0,0.0,0.0
B827EB8E7DC3,2023-05-20,14:16:56,32.63,59.89,0.0,0.0,0.0
B827EBCDA199,2023-05-20,14:21:54,31.7,65.12,2.0,0.0,0.0
B827EB5C665E,2023-05-20,14:21:55,32.8,61.86,4.0,0.0,0.0
B827EB8E7DC3,2023-05-20,14:21:57,32.58,59.92,0.0,0.0,0.0
B827EBCDA199,2023-05-20,14:26:54,31.7,65.15,2.0,0.0,0.0
B827EB5C665E,2023-05-20,14:26:55,32.79,61.9,3.0,0.0,0.0
B827EB8E7DC3,2023-05-20,14:26:57,32.58,60.01,0.0,0.0,0.0
B827EBCDA199,2023-05-20,14:31:55,31.7,65.1,1.0,0.0,0.0
B827EB5C665E,2023-05-20,14:31:56,32.79,61.94,4.0,0.0,0.0
B827EB8E7DC3,2023-05-20,14:31:58,32.52,60.0,0.0,0.0,0.0
B827EBCDA199,2023-05-20,14:36:56,31.7,65.11,3.0,0.0,0.0
B827EB5C665E,2023-05-20,14:36:57,32.77,61.95,2.0,0.0,0.0
B827EB5C665E,2023-05-20,14:41:57,32.73,61.96,3.0,0.0,0.0
B827EBCDA199,2023-05-20,14:41:57,31.66,65.14,1.0,0.0,0.0
B827EB8E7DC3,2023-05-20,14:41:59,32.43,60.1,0.0,0.0,0.0
B827EBCDA199,2023-05-20,14:46:57,31.68,65.12,2.0,0.0,0.0
B827EB5C665E,2023-05-20,14:46:58,32.74,61.97,3.0,0.0,0.0
B827EB8E7DC3,2023-05-20,14:47:00,32.45,60.27,0.0,0.0,0.0
B827EBCDA199,2023-05-20,14:51:58,31.68,65.14,2.0,0.0,0.0
B827EB5C665E,2023-05-20,14:51:59,32.71,61.97,2.0,0.0,0.0
B827EB8E7DC3,2023-05-20,14:52:00,32.41,60.32,0.0,0.0,0.0
B827EB5C665E,2023-05-20,14:56:59,32.71,61.98,3.0,0.0,0.0
B827EBCDA199,2023-05-20,14:56:59,31.68,65.16,0.0,0.0,0.0
B827EB8E7DC3,2023-05-20,14:57:01,32.39,60.41,0.0,0.0,0.0
B827EB5C665E,2023-05-20,15:02:00,32.7,62.01,2.0,0.0,0.0
B827EBCDA199,2023-05-20,15:02:00,31.63,65.21,2.0,0.0,0.0
B827EB8E7DC3,2023-05-20,15:02:02,32.36,60.4,0.0,0.0,0.0
B827EBCDA199,2023-05-20,15:07:00,31.66,65.19,2.0,0.0,0.0
B827EB5C665E,2023-05-20,15:07:01,32.69,61.98,4.0,0.0,0.0
B827EB8E7DC3,2023-05-20,15:07:02,32.38,60.42,0.0,0.0,0.0
B827EBCDA199,2023-05-20,15:12:07,31.63,65.14,2.0,0.0,0.0
B827EB5C665E,2023-05-20,15:12:08,32.7,62.0,3.0,0.0,0.0
B827EB8E7DC3,2023-05-20,15:12:09,32.32,60.47,0.0,0.0,0.0
B827EB5C665E,2023-05-20,15:17:08,32.69,62.05,3.0,0.0,0.0
B827EBCDA199,2023-05-20,15:17:08,31.63,65.21,1.0,0.0,0.0
B827EB8E7DC3,2023-05-20,15:17:10,32.31,60.59,0.0,0.0,0.0
B827EB5C665E,2023-05-20,15:22:09,32.71,62.06,2.0,0.0,0.0
B827EBCDA199,2023-05-20,15:22:09,31.63,65.21,2.0,0.0,0.0
B827EB8E7DC3,2023-05-20,15:22:11,32.28,60.63,0.0,0.0,0.0
B827EBCDA199,2023-05-20,15:27:09,31.63,65.22,3.0,0.0,0.0
B827EB5C665E,2023-05-20,15:27:10,32.69,62.07,3.0,0.0,0.0
B827EB8E7DC3,2023-05-20,15:27:11,32.25,60.75,0.0,0.0,0.0
B827EB5C665E,2023-05-20,15:32:10,32.69,62.1,4.0,0.0,0.0
B827EBCDA199,2023-05-20,15:32:10,31.63,65.2,2.0,0.0,0.0
B827EB8E7DC3,2023-05-20,15:32:12,32.24,60.8,0.0,0.0,0.0
B827EBCDA199,2023-05-20,15:37:10,31.66,65.19,1.0,0.0,0.0
B827EB5C665E,2023-05-20,15:37:11,32.69,62.1,4.0,0.0,0.0
B827EB8E7DC3,2023-05-20,15:37:13,32.24,60.89,0.0,0.0,0.0
B827EBCDA199,2023-05-20,15:42:11,31.63,65.19,0.0,0.0,0.0
B827EB5C665E,2023-05-20,15:42:12,32.69,62.08,3.0,0.0,0.0
B827EB8E7DC3,2023-05-20,15:42:13,32.21,60.83,0.0,0.0,0.0
B827EBCDA199,2023-05-20,15:47:12,31.63,65.2,2.0,0.0,0.0
B827EB5C665E,2023-05-20,15:47:13,32.67,62.08,4.0,0.0,0.0
B827EB8E7DC3,2023-05-20,15:47:14,32.19,60.97,0.0,0.0,0.0
B827EBCDA199,2023-05-20,15:52:12,31.65,65.19,2.0,0.0,0.0
B827EB5C665E,2023-05-20,15:52:13,32.67,62.08,3.0,0.0,0.0
B827EB8E7DC3,2023-05-20,15:52:15,32.17,60.95,0.0,0.0,0.0
B827EBCDA199,2023-05-20,15:57:13,31.65,65.19,2.0,0.0,0.0
B827EB5C665E,2023-05-20,15:57:14,32.7,62.14,4.0,0.0,0.0
B827EB8E7DC3,2023-05-20,15:57:15,32.18,61.07,0.0,0.0,0.0
B827EBCDA199,2023-05-20,16:02:14,31.63,65.22,1.0,0.0,0.0
B827EB5C665E,2023-05-20,16:02:15,32.66,62.12,4.0,0.0,0.0
B827EB8E7DC3,2023-05-20,16:02:16,32.15,61.03,0.0,0.0,0.0
B827EB5C665E,2023-05-20,16:07:15,32.67,62.15,4.0,0.0,0.0
B827EBCDA199,2023-05-20,16:07:15,31.62,65.18,2.0,0.0,0.0
B827EB8E7DC3,2023-05-20,16:07:17,32.17,61.17,0.0,0.0,0.0
B827EBCDA199,2023-05-20,16:12:15,31.63,65.19,1.0,0.0,0.0
B827EB5C665E,2023-05-20,16:12:16,32.67,62.14,3.0,0.0,0.0
B827EB8E7DC3,2023-05-20,16:12:18,32.17,61.18,0.0,0.0,0.0
B827EBCDA199,2023-05-20,16:17:16,31.62,65.16,2.0,0.0,0.0
B827EB5C665E,2023-05-20,16:17:17,32.66,62.09,3.0,0.0,0.0
B827EB8E7DC3,2023-05-20,16:17:18,32.12,61.19,0.0,0.0,0.0
B827EB5C665E,2023-05-20,16:22:17,32.65,62.16,2.0,0.0,0.0
B827EBCDA199,2023-05-20,16:22:17,31.6,65.19,1.0,0.0,0.0
B827EB8E7DC3,2023-05-20,16:22:19,32.1,61.28,0.0,0.0,0.0
B827EB5C665E,2023-05-20,16:27:18,32.65,62.16,3.0,0.0,0.0
B827EBCDA199,2023-05-20,16:27:18,31.59,65.18,2.0,0.0,0.0
B827EB8E7DC3,2023-05-20,16:27:19,32.1,61.23,0.0,0.0,0.0
B827EBCDA199,2023-05-20,16:32:18,31.62,65.13,0.0,0.0,0.0
B827EB5C665E,2023-05-20,16:32:19,32.65,62.16,4.0,0.0,0.0
B827EB8E7DC3,2023-05-20,16:32:20,32.07,61.28,0.0,0.0,0.0
B827EBCDA199,2023-05-20,16:37:19,31.6,65.22,2.0,0.0,0.0
B827EB5C665E,2023-05-20,16:37:20,32.62,62.12,5.0,0.0,0.0
B827EB8E7DC3,2023-05-20,16:37:21,32.03,61.31,0.0,0.0,0.0
B827EB5C665E,2023-05-20,16:42:20,32.62,62.18,4.0,0.0,0.0
B827EBCDA199,2023-05-20,16:42:20,31.59,65.16,2.0,0.0,0.0
B827EB8E7DC3,2023-05-20,16:42:21,32.03,61.37,0.0,0.0,0.0
B827EBCDA199,2023-05-20,16:47:20,31.59,65.14,3.0,0.0,0.0
B827EB5C665E,2023-05-20,16:47:21,32.6,62.13,5.0,0.0,0.0
B827EB8E7DC3,2023-05-20,16:47:22,32.03,61.42,0.0,0.0,0.0
B827EBCDA199,2023-05-20,16:52:21,31.6,65.17,2.0,0.0,0.0
B827EB5C665E,2023-05-20,16:52:22,32.59,62.2,3.0,0.0,0.0
B827EB8E7DC3,2023-05-20,16:52:23,32.03,61.49,0.0,0.0,0.0
B827EB5C665E,2023-05-20,16:57:22,32.59,62.18,3.0,0.0,0.0
B827EBCDA199,2023-05-20,16:57:22,31.58,65.19,0.0,0.0,0.0
B827EB8E7DC3,2023-05-20,16:57:23,31.97,61.44,0.0,0.0,0.0
B827EB5C665E,2023-05-20,17:02:23,32.56,62.28,4.0,0.0,0.0
B827EBCDA199,2023-05-20,17:02:23,31.59,65.15,1.0,0.0,0.0
B827EB8E7DC3,2023-05-20,17:02:24,31.97,61.58,0.0,0.0,0.0
B827EB5C665E,2023-05-20,17:07:23,32.55,62.25,2.0,0.0,0.0
B827EB8E7DC3,2023-05-20,17:07:25,31.95,61.66,0.0,0.0,0.0
B827EBCDA199,2023-05-20,17:12:24,31.56,65.16,2.0,0.0,0.0
B827EB8E7DC3,2023-05-20,17:12:25,31.91,61.61,0.0,0.0,0.0
B827EBCDA199,2023-05-20,17:17:25,31.56,65.18,2.0,0.0,0.0
B827EB8E7DC3,2023-05-20,17:17:26,31.9,61.68,0.0,0.0,0.0
B827EBCDA199,2023-05-20,17:22:26,31.53,65.18,3.0,0.0,0.0
B827EB8E7DC3,2023-05-20,17:22:27,31.88,61.74,0.0,0.0,0.0
B827EB5C665E,2023-05-20,17:27:26,32.46,62.33,4.0,0.0,0.0
B827EB8E7DC3,2023-05-20,17:27:28,31.9,61.69,0.0,0.0,0.0
B827EB5C665E,2023-05-20,17:32:27,32.48,62.31,4.0,0.0,0.0
B827EB8E7DC3,2023-05-20,17:32:29,31.86,61.7,0.0,0.0,0.0
B827EBCDA199,2023-05-20,17:37:29,31.55,65.16,2.0,0.0,0.0
B827EB8E7DC3,2023-05-20,17:37:30,31.86,61.75,0.0,0.0,0.0
B827EB5C665E,2023-05-20,17:42:29,32.45,62.36,2.0,0.0,0.0
B827EB8E7DC3,2023-05-20,17:42:30,31.84,61.85,0.0,0.0,0.0
B827EB5C665E,2023-05-20,17:47:30,32.42,62.32,2.0,0.0,0.0
B827EBCDA199,2023-05-20,17:47:30,31.52,65.14,1.0,0.0,0.0
B827EB8E7DC3,2023-05-20,17:47:31,31.81,61.77,0.0,0.0,0.0
B827EB5C665E,2023-05-20,17:52:31,32.41,62.32,4.0,0.0,0.0
B827EB8E7DC3,2023-05-20,17:52:32,31.79,61.95,0.0,0.0,0.0
B827EB5C665E,2023-05-20,17:57:32,32.39,62.39,4.0,0.0,0.0
B827EB8E7DC3,2023-05-20,17:57:32,31.79,61.84,0.0,0.0,0.0
B827EB5C665E,2023-05-20,18:02:32,32.38,62.44,4.0,0.0,0.0
B827EB8E7DC3,2023-05-20,18:02:33,31.76,61.84,0.0,0.0,0.0
B827EB5C665E,2023-05-20,18:07:33,32.36,62.44,5.0,0.0,0.0
B827EBCDA199,2023-05-20,18:07:33,31.49,65.1,0.0,0.0,0.0
B827EB8E7DC3,2023-05-20,18:07:34,31.76,61.85,0.0,0.0,0.0
B827EB5C665E,2023-05-20,18:12:34,32.36,62.5,3.0,0.0,0.0
B827EB8E7DC3,2023-05-20,18:12:34,31.73,61.85,0.0,0.0,0.0
B827EBCDA199,2023-05-20,18:12:34,31.49,65.09,0.0,0.0,0.0
B827EB5C665E,2023-05-20,18:17:34,32.38,62.48,5.0,0.0,0.0
B827EB8E7DC3,2023-05-20,18:17:35,31.7,61.89,0.0,0.0,0.0
B827EBCDA199,2023-05-20,18:17:35,31.48,65.11,3.0,0.0,0.0
B827EB5C665E,2023-05-20,18:22:35,32.38,62.48,6.0,0.0,0.0
B827EBCDA199,2023-05-20,18:22:35,31.49,65.08,2.0,0.0,0.0
B827EB8E7DC3,2023-05-20,18:22:36,31.7,61.97,0.0,0.0,0.0
B827EB5C665E,2023-05-20,18:27:35,32.32,62.48,4.0,0.0,0.0
B827EB8E7DC3,2023-05-20,18:27:36,31.69,61.95,0.0,0.0,0.0
B827EBCDA199,2023-05-20,18:27:36,31.48,65.05,1.0,0.0,0.0
B827EB5C665E,2023-05-20,18:32:36,32.31,62.48,4.0,0.0,0.0
B827EB8E7DC3,2023-05-20,18:32:37,31.67,61.93,0.0,0.0,0.0
B827EBCDA199,2023-05-20,18:32:37,31.46,65.05,2.0,0.0,0.0
B827EBCDA199,2023-05-20,18:37:37,31.46,65.05,3.0,0.0,0.0
B827EB8E7DC3,2023-05-20,18:37:38,31.66,61.96,0.0,0.0,0.0
B827EB5C665E,2023-05-20,18:42:38,32.29,62.5,4.0,0.0,0.0
B827EB8E7DC3,2023-05-20,18:42:38,0.0,0.0,0.0,0.0,0.0
B827EBCDA199,2023-05-20,18:42:38,31.46,65.0,3.0,0.0,0.0
B827EB5C665E,2023-05-20,18:47:39,32.25,62.49,4.0,0.0,0.0
B827EB8E7DC3,2023-05-20,18:47:39,31.63,61.94,0.0,0.0,0.0
B827EBCDA199,2023-05-20,18:47:39,31.45,64.99,2.0,0.0,0.0
B827EB5C665E,2023-05-20,18:52:40,32.26,62.5,5.0,0.0,0.0
B827EB8E7DC3,2023-05-20,18:52:40,31.64,61.95,0.0,0.0,0.0
B827EBCDA199,2023-05-20,18:52:40,31.45,64.99,2.0,0.0,0.0
B827EB5C665E,2023-05-20,18:57:41,32.28,62.52,4.0,0.0,0.0
B827EB8E7DC3,2023-05-20,18:57:42,31.62,62.05,0.0,0.0,0.0
B827EB5C665E,2023-05-20,19:02:42,32.25,62.43,3.0,0.0,0.0
B827EB8E7DC3,2023-05-20,19:02:42,31.6,62.09,0.0,0.0,0.0
B827EBCDA199,2023-05-20,19:02:42,31.45,64.99,2.0,0.0,0.0
B827EB5C665E,2023-05-20,19:07:43,32.24,62.45,5.0,0.0,0.0
B827EB8E7DC3,2023-05-20,19:07:43,31.57,62.0,0.0,0.0,0.0
B827EBCDA199,2023-05-20,19:07:44,31.43,64.92,2.0,0.0,0.0
B827EB8E7DC3,2023-05-20,19:12:44,31.57,62.08,0.0,0.0,0.0
B827EBCDA199,2023-05-20,19:12:45,31.43,64.86,2.0,0.0,0.0
B827EB5C665E,2023-05-20,19:17:44,32.21,62.39,6.0,0.0,0.0
B827EBCDA199,2023-05-20,19:17:45,31.43,64.88,2.0,0.0,0.0
B827EB8E7DC3,2023-05-20,19:22:45,31.52,62.11,0.0,0.0,0.0
B827EBCDA199,2023-05-20,19:22:46,31.42,64.87,3.0,0.0,0.0
B827EB5C665E,2023-05-20,19:27:45,32.19,62.48,3.0,0.0,0.0
B827EBCDA199,2023-05-20,19:27:47,31.41,64.88,4.0,0.0,0.0
B827EB5C665E,2023-05-20,19:32:46,32.21,62.48,5.0,0.0,0.0
B827EBCDA199,2023-05-20,19:32:47,31.41,64.89,4.0,0.0,0.0
B827EB5C665E,2023-05-20,19:37:47,32.21,62.44,6.0,0.0,0.0
B827EBCDA199,2023-05-20,19:37:48,31.41,64.86,3.0,0.0,0.0
B827EB5C665E,2023-05-20,19:42:48,32.16,62.34,7.0,0.0,0.0
B827EBCDA199,2023-05-20,19:42:49,31.41,64.93,4.0,0.0,0.0
B827EB5C665E,2023-05-20,19:47:48,32.15,62.45,6.0,0.0,0.0
B827EBCDA199,2023-05-20,19:47:49,31.39,64.87,4.0,0.0,0.0
B827EB5C665E,2023-05-20,19:52:49,32.15,62.46,7.0,0.0,0.0
B827EBCDA199,2023-05-20,19:52:51,31.39,64.79,4.0,0.0,0.0
B827EB5C665E,2023-05-20,19:57:50,32.15,62.41,4.0,0.0,0.0
B827EBCDA199,2023-05-20,19:57:52,31.39,64.82,4.0,0.0,0.0
B827EB5C665E,2023-05-20,20:02:50,32.14,62.42,6.0,0.0,0.0
B827EB8E7DC3,2023-05-20,20:02:50,31.35,62.3,0.0,0.0,0.0
B827EBCDA199,2023-05-20,20:02:52,31.38,64.84,3.0,0.0,0.0
B827EB8E7DC3,2023-05-20,20:07:52,31.33,62.28,0.0,0.0,0.0
B827EB5C665E,2023-05-20,20:07:53,32.14,62.4,6.0,0.0,0.0
B827EBCDA199,2023-05-20,20:07:53,31.35,64.81,3.0,0.0,0.0
B827EB5C665E,2023-05-20,20:12:53,32.14,62.45,6.0,0.0,0.0
B827EB8E7DC3,2023-05-20,20:12:53,31.35,62.33,0.0,0.0,0.0
B827EBCDA199,2023-05-20,20:12:54,31.35,64.78,4.0,0.0,0.0
B827EB5C665E,2023-05-20,20:17:54,32.14,62.4,6.0,0.0,0.0
B827EB8E7DC3,2023-05-20,20:17:54,31.3,62.29,0.0,0.0,0.0
B827EBCDA199,2023-05-20,20:17:55,31.36,64.73,4.0,0.0,0.0
B827EB8E7DC3,2023-05-20,20:22:54,31.3,62.32,0.0,0.0,0.0
B827EB5C665E,2023-05-20,20:22:55,32.11,62.33,6.0,0.0,0.0
B827EBCDA199,2023-05-20,20:22:55,31.35,64.72,4.0,0.0,0.0
B827EB5C665E,2023-05-20,20:27:55,32.08,62.38,5.0,0.0,0.0
B827EB8E7DC3,2023-05-20,20:27:55,31.28,62.35,0.0,0.0,0.0
B827EBCDA199,2023-05-20,20:27:56,31.35,64.72,3.0,0.0,0.0
B827EB5C665E,2023-05-20,20:32:56,32.11,62.37,7.0,0.0,0.0
B827EB8E7DC3,2023-05-20,20:32:56,31.26,62.31,0.0,0.0,0.0
B827EBCDA199,2023-05-20,20:32:57,31.32,64.66,4.0,0.0,0.0
B827EB5C665E,2023-05-20,20:37:57,32.1,62.34,6.0,0.0,0.0
B827EB8E7DC3,2023-05-20,20:37:57,31.28,62.35,0.0,0.0,0.0
B827EBCDA199,2023-05-20,20:37:57,31.33,64.69,3.0,0.0,0.0
B827EB8E7DC3,2023-05-20,20:42:57,31.24,62.4,0.0,0.0,0.0
B827EB5C665E,2023-05-20,20:42:58,32.08,62.33,6.0,0.0,0.0
B827EBCDA199,2023-05-20,20:42:58,31.32,64.65,4.0,0.0,0.0
B827EB5C665E,2023-05-20,20:47:58,32.07,62.35,6.0,0.0,0.0
B827EB8E7DC3,2023-05-20,20:47:58,31.21,62.37,0.0,0.0,0.0
B827EBCDA199,2023-05-20,20:47:59,31.31,64.65,3.0,0.0,0.0
B827EB5C665E,2023-05-20,20:52:59,32.08,62.34,5.0,0.0,0.0
B827EBCDA199,2023-05-20,20:52:59,31.32,64.61,1.0,0.0,0.0
B827EB5C665E,2023-05-20,20:58:00,32.07,62.29,6.0,0.0,0.0
B827EB8E7DC3,2023-05-20,20:58:00,31.21,62.4,0.0,0.0,0.0
B827EBCDA199,2023-05-20,20:58:00,31.29,64.61,4.0,0.0,0.0
B827EB5C665E,2023-05-20,21:03:01,32.07,62.26,4.0,0.0,0.0
B827EB8E7DC3,2023-05-20,21:03:01,31.19,62.41,0.0,0.0,0.0
B827EBCDA199,2023-05-20,21:03:01,31.31,64.62,3.0,0.0,0.0
B827EB5C665E,2023-05-20,21:08:01,32.05,62.29,6.0,0.0,0.0
B827EB8E7DC3,2023-05-20,21:08:01,31.15,62.4,0.0,0.0,0.0
B827EBCDA199,2023-05-20,21:08:02,31.28,64.62,2.0,0.0,0.0
B827EB5C665E,2023-05-20,21:13:02,32.07,62.28,6.0,0.0,0.0
B827EBCDA199,2023-05-20,21:13:02,31.31,64.63,4.0,0.0,0.0
B827EB5C665E,2023-05-20,21:18:03,32.07,62.24,5.0,0.0,0.0
B827EB8E7DC3,2023-05-20,21:18:03,31.16,62.45,0.0,0.0,0.0
B827EBCDA199,2023-05-20,21:18:03,31.26,64.59,3.0,0.0,0.0
B827EB8E7DC3,2023-05-20,21:23:03,31.12,62.47,0.0,0.0,0.0
B827EB5C665E,2023-05-20,21:23:04,32.07,62.21,6.0,0.0,0.0
B827EBCDA199,2023-05-20,21:23:04,31.26,64.57,3.0,0.0,0.0
B827EB8E7DC3,2023-05-20,21:28:04,31.12,62.42,0.0,0.0,0.0
B827EBCDA199,2023-05-20,21:28:04,31.29,64.56,3.0,0.0,0.0
B827EB8E7DC3,2023-05-20,21:33:05,31.08,62.49,0.0,0.0,0.0
B827EB8E7DC3,2023-05-20,21:38:05,31.12,62.46,0.0,0.0,0.0
B827EBCDA199,2023-05-20,21:38:05,31.26,64.56,2.0,0.0,0.0
B827EB8E7DC3,2023-05-20,21:43:06,31.08,62.56,0.0,0.0,0.0
B827EBCDA199,2023-05-20,21:43:06,31.28,64.52,3.0,0.0,0.0
B827EB5C665E,2023-05-20,21:48:07,32.04,62.19,6.0,0.0,0.0
B827EBCDA199,2023-05-20,21:48:07,31.25,64.53,2.0,0.0,0.0
B827EB5C665E,2023-05-20,21:53:07,32.04,62.2,4.0,0.0,0.0
B827EB8E7DC3,2023-05-20,21:53:07,31.07,62.61,0.0,0.0,0.0
B827EBCDA199,2023-05-20,21:53:08,31.25,64.51,2.0,0.0,0.0
B827EB8E7DC3,2023-05-20,21:58:08,31.08,62.56,0.0,0.0,0.0
B827EBCDA199,2023-05-20,21:58:08,31.24,64.57,4.0,0.0,0.0
B827EBCDA199,2023-05-20,22:03:09,31.25,64.57,1.0,0.0,0.0
B827EB8E7DC3,2023-05-20,22:08:09,31.05,62.64,0.0,0.0,0.0
B827EBCDA199,2023-05-20,22:08:10,31.25,64.54,3.0,0.0,0.0
B827EB8E7DC3,2023-05-20,22:13:10,31.04,62.65,0.0,0.0,0.0
B827EBCDA199,2023-05-20,22:13:10,31.26,64.53,2.0,0.0,0.0
B827EBCDA199,2023-05-20,22:18:11,31.25,64.51,3.0,0.0,0.0
B827EBCDA199,2023-05-20,22:23:12,31.25,64.51,4.0,0.0,0.0
B827EB8E7DC3,2023-05-20,22:28:13,31.08,62.7,0.0,0.0,0.0
B827EBCDA199,2023-05-20,22:33:13,31.26,64.44,3.0,0.0,0.0
B827EB8E7DC3,2023-05-20,22:38:14,31.09,62.68,0.0,0.0,0.0
B827EB8E7DC3,2023-05-20,22:43:15,31.12,62.63,0.0,0.0,0.0
B827EBCDA199,2023-05-20,22:43:15,31.32,64.46,2.0,0.0,0.0
B827EBCDA199,2023-05-20,22:48:15,31.31,64.42,2.0,0.0,0.0
B827EBCDA199,2023-05-20,22:53:16,31.32,64.37,2.0,0.0,0.0
B827EBCDA199,2023-05-20,22:58:17,31.33,64.36,2.0,0.0,0.0
B827EB8E7DC3,2023-05-20,23:03:17,31.33,62.31,0.0,0.0,0.0
B827EB8E7DC3,2023-05-20,23:08:18,31.39,62.24,0.0,0.0,0.0
B827EBCDA199,2023-05-20,23:08:18,31.35,64.37,2.0,0.0,0.0
B827EB8E7DC3,2023-05-20,23:13:19,31.46,62.2,0.0,0.0,0.0
B827EBCDA199,2023-05-20,23:13:19,31.36,64.34,2.0,0.0,0.0
B827EB5C665E,2023-05-20,23:18:19,32.46,60.97,4.0,0.0,0.0
B827EB8E7DC3,2023-05-20,23:18:19,31.5,62.17,0.0,0.0,0.0
B827EBCDA199,2023-05-20,23:18:20,31.38,64.29,2.0,0.0,0.0
B827EB5C665E,2023-05-20,23:23:20,32.49,61.04,5.0,0.0,0.0
B827EBCDA199,2023-05-20,23:23:21,31.36,64.19,2.0,0.0,0.0
B827EB5C665E,2023-05-20,23:28:21,32.55,60.97,4.0,0.0,0.0
B827EB8E7DC3,2023-05-20,23:28:21,31.59,62.06,0.0,0.0,0.0
B827EBCDA199,2023-05-20,23:28:21,31.36,64.32,1.0,0.0,0.0
B827EB5C665E,2023-05-20,23:33:21,32.58,60.83,4.0,0.0,0.0
B827EB8E7DC3,2023-05-20,23:33:22,31.66,61.96,0.0,0.0,0.0
B827EBCDA199,2023-05-20,23:33:22,31.38,64.26,3.0,0.0,0.0
B827EB5C665E,2023-05-20,23:38:22,32.59,60.78,5.0,0.0,0.0
B827EB8E7DC3,2023-05-20,23:38:22,31.69,61.86,0.0,0.0,0.0
B827EBCDA199,2023-05-20,23:38:23,31.39,64.15,2.0,0.0,0.0
B827EB5C665E,2023-05-20,23:43:23,32.6,60.85,5.0,0.0,0.0
B827EB8E7DC3,2023-05-20,23:43:23,31.77,61.81,0.0,0.0,0.0
B827EBCDA199,2023-05-20,23:43:23,31.39,64.23,2.0,0.0,0.0
B827EB5C665E,2023-05-20,23:48:23,32.62,60.85,5.0,0.0,0.0
B827EB8E7DC3,2023-05-20,23:48:24,31.79,61.65,0.0,0.0,0.0
B827EBCDA199,2023-05-20,23:48:24,31.39,64.26,4.0,0.0,0.0
B827EB5C665E,2023-05-20,23:53:24,32.65,60.76,5.0,0.0,0.0
B827EB8E7DC3,2023-05-20,23:53:24,31.81,61.62,0.0,0.0,0.0
B827EBCDA199,2023-05-20,23:53:25,31.41,64.27,2.0,0.0,0.0
B827EB5C665E,2023-05-20,23:58:25,32.7,60.76,3.0,0.0,0.0
B827EB8E7DC3,2023-05-20,23:58:25,31.9,61.57,0.0,0.0,0.0
B827EBCDA199,2023-05-20,23:58:25,31.41,64.3,2.0,0.0,0.0
